{"cameraMode":{"drawMode":0,"name":"Shaded","section":"Shading Mode"},"sceneLighting":true,"audioPlay":false,"sceneViewState":{"showFog":true,"showMaterialUpdate":false,"showSkybox":true,"showFlares":true,"showImageEffects":true,"showParticleSystems":true},"in2DMode":false,"pivot":{"x":-0.39124858379364016,"y":0.32710403203964236,"z":-0.6081583499908447},"rotation":{"x":0.00003109188764938153,"y":-0.9942383170127869,"z":0.1071922779083252,"w":0.0002938439429271966},"size":10.18348217010498,"orthographic":false}