{"cameraMode":{"drawMode":0,"name":"Shaded","section":"Shading Mode"},"sceneLighting":true,"audioPlay":false,"sceneViewState":{"showFog":true,"showMaterialUpdate":true,"showSkybox":true,"showFlares":true,"showImageEffects":true,"showParticleSystems":true},"in2DMode":false,"pivot":{"x":0.13333086669445039,"y":0.905722975730896,"z":-5.903585433959961},"rotation":{"x":0.0007954176398925483,"y":0.9933136105537415,"z":-0.11524127423763275,"w":0.006853322498500347},"size":4.945560932159424,"orthographic":false}