{"cameraMode":{"drawMode":0,"name":"Shaded","section":"Shading Mode"},"sceneLighting":true,"audioPlay":false,"sceneViewState":{"showFog":true,"showMaterialUpdate":false,"showSkybox":true,"showFlares":true,"showImageEffects":true,"showParticleSystems":true},"in2DMode":false,"pivot":{"x":1.0700597763061524,"y":-27.115392684936525,"z":-9.429922103881836},"rotation":{"x":0.017015721648931505,"y":0.8269833922386169,"z":-0.5614097118377686,"w":0.025061408057808877},"size":48.61164474487305,"orthographic":false}