{"cameraMode":{"drawMode":0,"name":"Shaded","section":"Shading Mode"},"sceneLighting":false,"audioPlay":false,"sceneViewState":{"showFog":true,"showMaterialUpdate":false,"showSkybox":false,"showFlares":true,"showImageEffects":true,"showParticleSystems":true},"in2DMode":false,"pivot":{"x":0.010000001639127732,"y":1.1200000047683716,"z":-6.03940486907959},"rotation":{"x":0.14605404436588288,"y":-0.8117297887802124,"z":0.5168642401695252,"w":0.229377880692482},"size":0.26695317029953005,"orthographic":true}