{"cameraMode":{"drawMode":0,"name":"Shaded","section":"Shading Mode"},"sceneLighting":false,"audioPlay":false,"sceneViewState":{"showFog":true,"showMaterialUpdate":false,"showSkybox":false,"showFlares":true,"showImageEffects":true,"showParticleSystems":true},"in2DMode":false,"pivot":{"x":0.0,"y":1.4199999570846558,"z":-6.309999942779541},"rotation":{"x":0.12349357455968857,"y":0.037520069628953937,"z":-0.0046628257259726528,"w":0.9916248917579651},"size":1.4289418458938599,"orthographic":true}