{"cameraMode":{"drawMode":0,"name":"Shaded","section":"Shading Mode"},"sceneLighting":false,"audioPlay":false,"sceneViewState":{"showFog":true,"showMaterialUpdate":false,"showSkybox":false,"showFlares":true,"showImageEffects":true,"showParticleSystems":true},"in2DMode":false,"pivot":{"x":0.0,"y":1.0944048166275025,"z":-1.0149999856948853},"rotation":{"x":0.0668490082025528,"y":-0.0029934674967080356,"z":0.00019997834169771522,"w":0.9977586269378662},"size":0.3796338438987732,"orthographic":true}