{"cameraMode":{"drawMode":0,"name":"Shaded","section":"Shading Mode"},"sceneLighting":false,"audioPlay":false,"sceneViewState":{"showFog":true,"showMaterialUpdate":false,"showSkybox":false,"showFlares":true,"showImageEffects":true,"showParticleSystems":true},"in2DMode":false,"pivot":{"x":6.345383644104004,"y":0.9189453125,"z":-1.4703807830810547},"rotation":{"x":-0.22429148852825166,"y":0.4230511486530304,"z":-0.10892432183027268,"w":-0.8711237907409668},"size":2.64497971534729,"orthographic":true}